Data,Periodo,Descricao,Valor_BRL,Tipo,Classe_7,Arquivo_Fonte,Observacao
2024-10-13,01/10/2024 a 31/10/2024,Transferência recebida pelo Pix | BANCO DAYCOVAL SA REMITTANCE - 62.232.889 | /0001-90 - BCO DAYCOVAL S.A (0707) Agência: 1 | Conta: 1306-6,41475.0,entrada,intermediario_remessa,NU_890835024_01OUT2024_31OUT2024.pdf,
2024-10-13,01/10/2024 a 31/10/2024,Aplicação RDB,-41000.0,saida,RDB,NU_890835024_01OUT2024_31OUT2024.pdf,
2024-10-29,01/10/2024 a 31/10/2024,Transferência enviada pelo Pix | Vitória Aparecida Carvalho de Barros - •••.947.926- | •• - CAIXA ECONOMICA FEDERAL (0104) Agência: | 108 Conta: 771878672-3,-270.0,saida,terceiros,NU_890835024_01OUT2024_31OUT2024.pdf,
2024-10-30,01/10/2024 a 31/10/2024,Transferência recebida pelo Pix | LEONARDO CARVALHO BARROS - •••.421.456-•• - | BCO DO BRASIL S.A. (0001) Agência: 25 Conta: | 510042852-6,1000.0,entrada,terceiros,NU_890835024_01OUT2024_31OUT2024.pdf,
2024-10-30,01/10/2024 a 31/10/2024,Aplicação RDB | 89083502-4,-1000.0,saida,RDB,NU_890835024_01OUT2024_31OUT2024.pdf,
2024-11-16,01/11/2024 a 30/11/2024,Transferência recebida pelo Pix | FELIPE DE MELO RODRIGUES - •••.464.288-•• - ITAÚ | UNIBANCO S.A. (0341) Agência: 3247 Conta: | 40302-9,5000.0,entrada,terceiros,NU_890835024_01NOV2024_30NOV2024.pdf,
2024-11-16,01/11/2024 a 30/11/2024,Transferência recebida pelo Pix | Felipe De Melo Rodrigues - •••.464.288-•• - NEON | PAGAMENTOS S.A. IP (0536) Agência: 655 Conta: | 23278478-7,8000.0,entrada,terceiros,NU_890835024_01NOV2024_30NOV2024.pdf,
2024-11-16,01/11/2024 a 30/11/2024,Transferência recebida pelo Pix | FELIPE DE MELO RODRIGUES - •••.464.288-•• - BCO | C6 S.A. (0336) Agência: 1 Conta: 15360860-9,3000.0,entrada,terceiros,NU_890835024_01NOV2024_30NOV2024.pdf,
2024-11-17,01/11/2024 a 30/11/2024,Transferência recebida pelo Pix | FELIPE DE MELO RODRIGUES - •••.464.288-•• - ITAÚ | UNIBANCO S.A. (0341) Agência: 3247 Conta: | 40302-9,16000.0,entrada,terceiros,NU_890835024_01NOV2024_30NOV2024.pdf,
2024-11-17,01/11/2024 a 30/11/2024,Transferência recebida pelo Pix | Felipe De Melo Rodrigues - •••.464.288-•• - NEON | PAGAMENTOS S.A. IP (0536) Agência: 655 Conta: | 23278478-7,8000.0,entrada,terceiros,NU_890835024_01NOV2024_30NOV2024.pdf,
2024-11-18,01/11/2024 a 30/11/2024,Transferência recebida pelo Pix | FELIPE DE MELO RODRIGUES - •••.464.288-•• - ITAÚ | UNIBANCO S.A. (0341) Agência: 3247 Conta: | 40302-9,4950.0,entrada,terceiros,NU_890835024_01NOV2024_30NOV2024.pdf,
2024-11-18,01/11/2024 a 30/11/2024,Transferência enviada pelo Pix | Jasiel Greggio de Moraes - •••.117.228-•• - BCO DO | BRASIL S.A. (0001) Agência: 4094 Conta: 20226-6,-200.0,saida,terceiros,NU_890835024_01NOV2024_30NOV2024.pdf,
2024-11-26,01/11/2024 a 30/11/2024,Transferência enviada pelo Pix | Vitória Aparecida Carvalho de Barros - •••.947.926- | •• - CAIXA ECONOMICA FEDERAL (0104) Agência: | 108 Conta: 771878672-3,-300.0,saida,terceiros,NU_890835024_01NOV2024_30NOV2024.pdf,
2024-11-29,01/11/2024 a 30/11/2024,Transferência recebida pelo Pix | Diego Novais De Melo Fonseca - •••.183.549-•• - | COOP SICREDI VALE DO PIQUIRI Agência: 726 | Conta: 46120-6,1000.0,entrada,terceiros,NU_890835024_01NOV2024_30NOV2024.pdf,
2024-12-04,01/12/2024 a 31/12/2024,Transferência enviada pelo Pix | Leonardo Carvalho de Barros - •••.421.456-•• - | MERCADO PAGO IP LTDA. (0323) Agência: 1 Conta: | 8039020795-0,-400.0,saida,terceiros,NU_890835024_01DEZ2024_31DEZ2024.pdf,
2024-12-05,01/12/2024 a 31/12/2024,Transferência recebida pelo Pix | LEONARDO CARVALHO BARROS - •••.421.456-•• - | BCO DO BRASIL S.A. (0001) Agência: 25 Conta: | 42852-3,500.0,entrada,terceiros,NU_890835024_01DEZ2024_31DEZ2024.pdf,
2024-12-17,01/12/2024 a 31/12/2024,Transferência enviada pelo Pix | Mauricio Folco - •••.795.155-•• - BCO BRADESCO S. | A. (0237) Agência: 3603 Conta: 3859-8,-9000.0,saida,terceiros,NU_890835024_01DEZ2024_31DEZ2024.pdf,
2024-12-18,01/12/2024 a 31/12/2024,Transferência enviada pelo Pix | Elizeu Ferreira Martins - •••.850.128-•• - BCO | SANTANDER (BRASIL) S.A. (0033) Agência: 348 | Conta: 1030089-0 | 89083502-4,-1000.0,saida,terceiros,NU_890835024_01DEZ2024_31DEZ2024.pdf,
2024-12-19,01/12/2024 a 31/12/2024,Transferência enviada pelo Pix | Angela Carla Novais de Melo - •••.462.348-•• - BCO | DO BRASIL S.A. (0001) Agência: 583 Conta: | 46208-0,-1300.0,saida,terceiros,NU_890835024_01DEZ2024_31DEZ2024.pdf,
2024-12-20,01/12/2024 a 31/12/2024,Estorno - Transferência | enviada pelo Vitória Aparecida Carvalho de Barros - •••.947.926- | 108 Conta: 771878672-3,200.0,entrada,estorno,NU_890835024_01DEZ2024_31DEZ2024.pdf,
2024-12-20,01/12/2024 a 31/12/2024,Transferência enviada pelo Pix | Vitória Aparecida Carvalho de Barros - •••.947.926- | •• - CAIXA ECONOMICA FEDERAL (0104) Agência: | 108 Conta: 771878672-3,-200.0,saida,terceiros,NU_890835024_01DEZ2024_31DEZ2024.pdf,
2024-12-20,01/12/2024 a 31/12/2024,Transferência enviada pelo Pix | Vitória Aparecida Carvalho de Barros - •••.947.926- | •• - CAIXA ECONOMICA FEDERAL (0104) Agência: | 108 Conta: 771878672-3,-200.0,saida,terceiros,NU_890835024_01DEZ2024_31DEZ2024.pdf,
2024-12-20,01/12/2024 a 31/12/2024,Transferência enviada pelo Pix | Angela Carla Novais de Melo - •••.462.348-•• - BCO | DO BRASIL S.A. (0001) Agência: 583 Conta: 46208- | 0 | 89083502-4,-320.0,saida,terceiros,NU_890835024_01DEZ2024_31DEZ2024.pdf,
2025-01-01,01/01/2025 a 31/01/2025,Transferência enviada pelo Pix | Ingrid Milena de Melo Silva - •••.602.828-•• - NU | PAGAMENTOS - IP (0260) Agência: 1 Conta: | 54097642-9,-300.0,saida,terceiros,01.pdf,
2025-01-08,01/01/2025 a 31/01/2025,Transferência recebida pelo Pix | Diego Novais De Melo Fonseca - •••.183.549-•• - | COOP SICREDI VALE DO PIQUIRI Agência: 726 | Conta: 46120-6,1000.0,entrada,terceiros,01.pdf,
2025-01-09,01/01/2025 a 31/01/2025,Transferência enviada pelo Pix | Angela Carla Novais de Melo - •••.462.348-•• - BCO | DO BRASIL S.A. (0001) Agência: 583 Conta: 46208- | 0,-100.0,saida,terceiros,01.pdf,
2025-01-12,01/01/2025 a 31/01/2025,Transferência enviada pelo Pix | Vitória Aparecida Carvalho de Barros - •••.947.926- | •• - CAIXA ECONOMICA FEDERAL (0104) Agência: | 108 Conta: 771878672-3 | 89083502-4,-360.0,saida,terceiros,01.pdf,
2025-01-16,01/01/2025 a 31/01/2025,Transferência recebida pelo Pix | JOSIAS AMOREZE CARDOSO - •••.453.329-•• - BCO | C6 S.A. (0336) Agência: 1 Conta: 27821923-3,300.0,entrada,terceiros,01.pdf,
2025-01-16,01/01/2025 a 31/01/2025,Transferência enviada pelo Pix | BRUNA LUIZA DE OLIVEIRA RIBEIRO BARROS - •••. | 273.828-•• - CAIXA ECONOMICA FEDERAL (0104) | Agência: 3994 Conta: 1288000000751417748-6,-1970.0,saida,terceiros,01.pdf,
2025-01-20,01/01/2025 a 31/01/2025,Transferência recebida pelo Pix | LEONARDO CARVALHO BARROS - •••.421.456-•• - | BCO DO BRASIL S.A. (0001) Agência: 25 Conta: | 510042852-6,500.0,entrada,terceiros,01.pdf,
2025-01-26,01/01/2025 a 31/01/2025,Transferência recebida pelo Pix | Alex Silva de Sousa - •••.209.758-•• - MERCADO | PAGO IP LTDA. (0323) Agência: 1 Conta: | 2593991503-2,5870.0,entrada,terceiros,01.pdf,
2025-01-26,01/01/2025 a 31/01/2025,Aplicação RDB,-38000.0,saida,RDB,01.pdf,
2025-01-29,01/01/2025 a 31/01/2025,Transferência enviada pelo Pix | Marcia Novais de Melo Barros - •••.515.229-•• - | Nubank (0260) Agência: 1 Conta: 368339173-1,-5.0,saida,conta_conjuge,01.pdf,
2025-01-29,01/01/2025 a 31/01/2025,Transferência enviada pelo Pix | Marcia Novais de Melo Barros - •••.515.229-•• - | 89083502-4 | Nubank (0260) Agência: 1 Conta: 368339173-1,-2.0,saida,conta_conjuge,01.pdf,
2025-02-04,01/02/2025 a 28/02/2025,Transferência Recebida | REGINALDO FRANCISCO BESSA - •••.715.189-•• - | BCO COOPERATIVO SICREDI S.A. (0748) Agência: | 748 Conta: 4055468-8,190000.0,entrada,terceiros,02.pdf,
2025-02-04,01/02/2025 a 28/02/2025,Aplicação RDB,-170000.0,saida,RDB,02.pdf,
2025-02-06,01/02/2025 a 28/02/2025,Transferência enviada pelo Pix | PRISCILA SILVA DAS NEVES - •••.900.579-•• - CAIXA | ECONOMICA FEDERAL (0104) Agência: 726 Conta: | 1288000000813482962-5,-4000.0,saida,terceiros,02.pdf,
2025-02-06,01/02/2025 a 28/02/2025,Transferência enviada pelo Pix | MARCIA BARBOSA DE JESUS - •••.662.539-•• - COOP | SICREDI VALE DO PIQUIRI Agência: 726 Conta: | 14921-2,-79.2,saida,terceiros,02.pdf,
2025-02-07,01/02/2025 a 28/02/2025,Transferência enviada pelo Pix | Juliana Rizzo da Rocha Loures Versan - •••.309.789- | •• - COOP SICREDI VALE DO PIQUIRI Agência: 726 | Conta: 80507-3 | 89083502-4,-227.71,saida,terceiros,02.pdf,
2025-02-08,01/02/2025 a 28/02/2025,Estorno - Transferência | enviada pelo Madeireira Malagutti Ltda - Me - 15.343.647/0001- | Conta: 57664-6,900.0,entrada,estorno,02.pdf,
2025-02-08,01/02/2025 a 28/02/2025,Transferência enviada pelo Pix | Madeireira Malagutti Ltda - Me - 15.343.647/0001- | 93 - BCO BRADESCO S.A. (0237) Agência: 202 | Conta: 57664-6,-900.0,saida,terceiros,02.pdf,
2025-02-08,01/02/2025 a 28/02/2025,Transferência enviada pelo Pix | MADEIREIRA MALAGUTTI LTDA - ME - 15.343.647 | /0001-93 - CC SICOOB METROPOLITANO Agência: | 4340 Conta: 29955-3,-900.0,saida,terceiros,02.pdf,
2025-02-14,01/02/2025 a 28/02/2025,Transferência recebida pelo Pix | Diego Novais De Melo Fonseca - •••.183.549-•• - | COOP SICREDI VALE DO PIQUIRI Agência: 726 | Conta: 46120-6,10000.0,entrada,terceiros,02.pdf,
2025-02-14,01/02/2025 a 28/02/2025,Aplicação RDB,-10000.0,saida,RDB,02.pdf,
2025-02-15,01/02/2025 a 28/02/2025,Transferência enviada pelo Pix | Luiz Carlos Pacheco da Silva - •••.191.379-•• - | PICPAY (0380) Agência: 1 Conta: 55348070-7,-2500.0,saida,terceiros,02.pdf,
2025-02-15,01/02/2025 a 28/02/2025,Transferência enviada pelo Pix | Valter Baldoino Ribeiro - •••.126.749-•• - MERCADO | 89083502-4 | PAGO IP LTDA. (0323) Agência: 1 Conta: | 2962891382-2,-300.0,saida,terceiros,02.pdf,
2025-02-17,01/02/2025 a 28/02/2025,Transferência recebida pelo Pix | Diego Novais De Melo Fonseca - •••.183.549-•• - | COOP SICREDI VALE DO PIQUIRI Agência: 726 | Conta: 46120-6,2500.0,entrada,terceiros,02.pdf,
2025-02-17,01/02/2025 a 28/02/2025,Transferência enviada pelo Pix | Valdeni Novais de Melo - •••.252.208-•• - ITAÚ | UNIBANCO S.A. (0341) Agência: 844 Conta: 7281-9,-840.0,saida,terceiros,02.pdf,
2025-02-17,01/02/2025 a 28/02/2025,Transferência enviada pelo Pix | Valdeni Novais de Melo - •••.252.208-•• - ITAÚ | UNIBANCO S.A. (0341) Agência: 844 Conta: 7281-9,-400.0,saida,terceiros,02.pdf,
2025-02-19,01/02/2025 a 28/02/2025,Transferência enviada pelo Pix | Deposito Japura - 81.718.769/0001-41 - COOP | SICREDI VALE DO PIQUIRI Agência: 726 Conta: | 12946-0,-1067.0,saida,terceiros,02.pdf,
2025-02-20,01/02/2025 a 28/02/2025,Transferência enviada pelo Pix | Rodrigo Bernardo 03738847294 - 29.220.346 | Conta: 636606297-2,-2800.0,saida,terceiros,02.pdf,
2025-02-21,01/02/2025 a 28/02/2025,Transferência recebida pelo Pix | Geucir Pereira Caldeira - •••.845.731-•• - COOP | 89083502-4 | SICREDI UNIVALES MT/RO Agência: 821 Conta: | 39773-3,40000.0,entrada,terceiros,02.pdf,
2025-02-21,01/02/2025 a 28/02/2025,Transferência enviada pelo Pix | Diego Novais de Melo Fonseca - •••.183.549-•• - | COOP SICREDI VALE DO PIQUIRI Agência: 726 | Conta: 46120-6,-100.0,saida,terceiros,02.pdf,
2025-02-21,01/02/2025 a 28/02/2025,Transferência enviada pelo Pix | Cruzeiro &Amp; Cia Ltda. - 08.718.423/0001-53 - | BCO DO BRASIL S.A. (0001) Agência: 847 Conta: | 31352-1,-1071.6,saida,terceiros,02.pdf,
2025-02-21,01/02/2025 a 28/02/2025,Transferência enviada pelo Pix | Cruzeiro &Amp; Cia Ltda. - 08.718.423/0001-53 - | BCO DO BRASIL S.A. (0001) Agência: 847 Conta: | 31352-1 | 351.996-•• - BANCO INTER (0077) Agência: 1,-3268.14,saida,terceiros,02.pdf,
2025-02-23,01/02/2025 a 28/02/2025,Transferência enviada pelo Pix | Diego Novais de Melo Fonseca - •••.183.549-•• - | COOP SICREDI VALE DO PIQUIRI Agência: 726 | Conta: 46120-6 | 89083502-4,-6000.0,saida,terceiros,02.pdf,
2025-06-02,01/06/2025 a 30/06/2025,Resgate RDB,250.0,entrada,RDB,06.pdf,
2025-06-02,01/06/2025 a 30/06/2025,Transferência enviada pelo Pix | Leonardo Carvalho de Barros - •••.421.456-•• - | MERCADO PAGO IP LTDA. (0323) Agência: 1 Conta: | 8039020795-0,-250.0,saida,terceiros,06.pdf,
2025-06-04,01/06/2025 a 30/06/2025,Aplicação RDB,-4977.0,saida,RDB,06.pdf,
2025-06-14,01/06/2025 a 30/06/2025,Resgate RDB,2000.0,entrada,RDB,06.pdf,
2025-06-14,01/06/2025 a 30/06/2025,Resgate RDB,650.0,entrada,RDB,06.pdf,
2025-06-14,01/06/2025 a 30/06/2025,Transferência enviada pelo Pix | DIEGO NOVAIS DE MELO FONSECA - •••.183.549-•• | - COOP SICREDI VALE DO PIQUIRI Agência: 726 | Conta: 46120-6,-7000.0,saida,terceiros,06.pdf,
2025-06-14,01/06/2025 a 30/06/2025,Transferência enviada pelo Pix | Angela Carla Novais de Melo - •••.462.348-•• - BCO | DO BRASIL S.A. (0001) Agência: 583 Conta: 46208- | 0,-650.0,saida,terceiros,06.pdf,
2025-06-26,01/06/2025 a 30/06/2025,Resgate RDB,2000.0,entrada,RDB,06.pdf,
2025-06-26,01/06/2025 a 30/06/2025,Transferência enviada pelo Pix | Vitória Aparecida Carvalho de Barros - •••.947.926- | •• - CAIXA ECONOMICA FEDERAL (0104) Agência: | 108 Conta: 771878672-3 | 89083502-4,-2000.0,saida,terceiros,06.pdf,
2025-07-03,01/07/2025 a 31/07/2025,Resgate RDB,250.0,entrada,RDB,07.pdf,
2025-07-03,01/07/2025 a 31/07/2025,Transferência enviada pelo Pix | Valdeni Novais de Melo - •••.252.208-•• - ITAÚ | UNIBANCO S.A. (0341) Agência: 844 Conta: 7281-9,-250.0,saida,terceiros,07.pdf,
2025-07-08,01/07/2025 a 31/07/2025,Resgate RDB,100.0,entrada,RDB,07.pdf,
2025-07-08,01/07/2025 a 31/07/2025,Transferência enviada pelo Pix | Vitória Aparecida Carvalho de Barros - •••.947.926- | •• - CAIXA ECONOMICA FEDERAL (0104) Agência: | 108 Conta: 771878672-3,-127.0,saida,terceiros,07.pdf,
2025-07-13,01/07/2025 a 31/07/2025,Transferência recebida pelo Pix | BANCO DAYCOVAL SA REMITTANCE - 62.232.889 | /0001-90 - BCO DAYCOVAL S.A (0707) Agência: 1 | Conta: 1306-6 | 89083502-4,43730.4,entrada,intermediario_remessa,07.pdf,
2025-07-14,01/07/2025 a 31/07/2025,Transferência recebida pelo Pix | Felipe De Melo Rodrigues - •••.464.288-•• - NEON | PAGAMENTOS S.A. IP (0536) Agência: 655 Conta: | 23278478-7,10000.0,entrada,terceiros,07.pdf,
2025-07-14,01/07/2025 a 31/07/2025,Transferência enviada pelo Pix | DIEGO NOVAIS DE MELO FONSECA - •••.183.549-•• | - COOP SICREDI VALE DO PIQUIRI Agência: 726 | Conta: 46120-6,-16000.0,saida,terceiros,07.pdf,
2025-07-15,01/07/2025 a 31/07/2025,Transferência recebida pelo Pix | Felipe De Melo Rodrigues - •••.464.288-•• - NEON | PAGAMENTOS S.A. IP (0536) Agência: 655 Conta: | 23278478-7,10000.0,entrada,terceiros,07.pdf,
2025-07-16,01/07/2025 a 31/07/2025,Transferência recebida pelo Pix | Felipe De Melo Rodrigues - •••.464.288-•• - NEON | PAGAMENTOS S.A. IP (0536) Agência: 655 Conta: | 23278478-7,7350.0,entrada,terceiros,07.pdf,
2025-07-16,01/07/2025 a 31/07/2025,Aplicação RDB,-55140.0,saida,RDB,07.pdf,
2025-07-17,01/07/2025 a 31/07/2025,Transferência recebida pelo Pix | Felipe De Melo Rodrigues - •••.464.288-•• - NEON | PAGAMENTOS S.A. IP (0536) Agência: 655 Conta: | 89083502-4 | 23278478-7,20000.0,entrada,terceiros,07.pdf,
2025-07-18,01/07/2025 a 31/07/2025,Transferência enviada pelo Pix | DIEGO NOVAIS DE MELO FONSECA - •••.183.549-•• | - COOP SICREDI VALE DO PIQUIRI Agência: 726 | Conta: 46120-6,-1140.0,saida,terceiros,07.pdf,
2025-07-18,01/07/2025 a 31/07/2025,Transferência enviada pelo Pix | DIEGO NOVAIS DE MELO FONSECA - •••.183.549-•• | - COOP SICREDI VALE DO PIQUIRI Agência: 726 | Conta: 46120-6,-808.0,saida,terceiros,07.pdf,
2025-07-19,01/07/2025 a 31/07/2025,Aplicação RDB,-18000.0,saida,RDB,07.pdf,
2025-07-20,01/07/2025 a 31/07/2025,Transferência recebida pelo Pix | FELIPE DE MELO RODRIGUES - •••.464.288-•• - BCO | C6 S.A. (0336) Agência: 1 Conta: 15360860-9,5000.0,entrada,terceiros,07.pdf,
2025-07-20,01/07/2025 a 31/07/2025,Transferência recebida pelo Pix | FELIPE DE MELO RODRIGUES - •••.464.288-•• - ITAÚ | UNIBANCO S.A. (0341) Agência: 3247 Conta: | 40302-9,2350.0,entrada,terceiros,07.pdf,
2025-07-20,01/07/2025 a 31/07/2025,Aplicação RDB,-4982.0,saida,RDB,07.pdf,
2025-07-22,01/07/2025 a 31/07/2025,Transferência enviada pelo Pix | Leonardo Carvalho de Barros - •••.421.456-•• - NU | PAGAMENTOS - IP (0260) Agência: 1 Conta: | 89083502-4 | 5411560-0,-2000.0,saida,terceiros,07.pdf,
2025-07-24,01/07/2025 a 31/07/2025,Resgate RDB,1000.0,entrada,RDB,07.pdf,
2025-07-24,01/07/2025 a 31/07/2025,Transferência enviada pelo Pix | A6 Porto Belo Ii Construcoes e Incorporacoes | Imobiliarias Spe Ltda - 55.403.732/0001-14 - CAIXA | ECONOMICA FEDERAL (0104) Agência: 2515 Conta: | 1292000000578091459-8,-1000.0,saida,terceiros,07.pdf,
2025-07-28,01/07/2025 a 31/07/2025,Resgate RDB,1000.0,entrada,RDB,07.pdf,
2025-07-28,01/07/2025 a 31/07/2025,Resgate RDB,4000.0,entrada,RDB,07.pdf,
2025-07-28,01/07/2025 a 31/07/2025,Transferência enviada pelo Pix | Adelio Joao Soares - •••.752.926-•• - BCO DO BRASIL | S.A. (0001) Agência: 25 Conta: 28854-3,-150.0,saida,terceiros,07.pdf,
2025-07-28,01/07/2025 a 31/07/2025,Transferência enviada pelo Pix | N1 PORTO BELO EMPREENDIMENTOS - 43.796.362 | /0001-43 - CCLAA NOVA TRENTO Agência: 3242 | Conta: 72840-3,-5000.0,saida,terceiros,07.pdf,
2025-07-29,01/07/2025 a 31/07/2025,Resgate RDB,5000.0,entrada,RDB,07.pdf,
2025-07-29,01/07/2025 a 31/07/2025,Transferência recebida pelo Pix | WERSAN COMERCIO DE COMBUSTIVEIS LTDA - | 17.625.257/0001-31 - BCO SANTANDER (BRASIL) S. | 89083502-4 | A. (0033) Agência: 4278 Conta: 13001807-7,49000.0,entrada,terceiros,07.pdf,
2025-07-29,01/07/2025 a 31/07/2025,Transferência enviada pelo Pix | Rofran Construtora Ltda - 51.819.924/0001-55 - | COOP SICREDI VALE LITORAL SC Agência: 2606 | Conta: 63110-5,-5000.0,saida,terceiros,07.pdf,
2025-07-30,01/07/2025 a 31/07/2025,Transferência recebida pelo Pix | ANDRE WERNER - •••.744.728-•• - ITAÚ UNIBANCO | S.A. (0341) Agência: 7012 Conta: 2282-3,51000.0,entrada,terceiros,07.pdf,
2025-07-30,01/07/2025 a 31/07/2025,Resgate RDB,67269.32,entrada,RDB,07.pdf,
2025-07-30,01/07/2025 a 31/07/2025,Transferência enviada pelo Pix | Vitória Aparecida Carvalho de Barros - •••.947.926- | •• - CAIXA ECONOMICA FEDERAL (0104) Agência: | 108 Conta: 771878672-3,-392.0,saida,terceiros,07.pdf,
2025-07-31,01/07/2025 a 31/07/2025,Transferência enviada pelo Pix | N1 PORTO BELO EMPREENDIMENTOS - 43.796.362 | /0001-43 - CCLAA NOVA TRENTO Agência: 3242 | Conta: 72840-3 | 89083502-4,-40000.0,saida,terceiros,07.pdf,
2025-08-01,01/08/2025 a 31/08/2025,Transferência enviada pelo Pix | Rofran Construtora Ltda - 51.819.924/0001-55 - | COOP SICREDI VALE LITORAL SC Agência: 2606 | Conta: 63110-5,-45000.0,saida,terceiros,08.pdf,
2025-08-01,01/08/2025 a 31/08/2025,Transferência enviada pelo Pix | N1 PORTO BELO EMPREENDIMENTOS - 43.796.362 | /0001-43 - CCLAA NOVA TRENTO Agência: 3242 | Conta: 72840-3,-4200.0,saida,terceiros,08.pdf,
2025-08-02,01/08/2025 a 31/08/2025,Transferência enviada pelo Pix | Rofran Construtora Ltda - 51.819.924/0001-55 - | COOP SICREDI VALE LITORAL SC Agência: 2606 | Conta: 63110-5,-45000.0,saida,terceiros,08.pdf,
2025-08-02,01/08/2025 a 31/08/2025,Transferência enviada pelo Pix | Valdeni Novais de Melo - •••.252.208-•• - ITAÚ | UNIBANCO S.A. (0341) Agência: 844 Conta: 7281-9,-3000.0,saida,terceiros,08.pdf,
2025-08-03,01/08/2025 a 31/08/2025,Transferência Recebida | Marcia Novais de Melo Barros - •••.515.229-•• - NU | PAGAMENTOS - IP (0260) Agência: 1 Conta: | 368339173-1 | 89083502-4,45000.0,entrada,conta_conjuge,08.pdf,
2025-08-03,01/08/2025 a 31/08/2025,Transferência enviada pelo Pix | Rofran Construtora Ltda - 51.819.924/0001-55 - | COOP SICREDI VALE LITORAL SC Agência: 2606 | Conta: 63110-5,-25000.0,saida,terceiros,08.pdf,
2025-08-03,01/08/2025 a 31/08/2025,Transferência enviada pelo Pix | Rofran Construtora Ltda - 51.819.924/0001-55 - | COOP SICREDI VALE LITORAL SC Agência: 2606 | Conta: 63110-5,-25000.0,saida,terceiros,08.pdf,
2025-08-04,01/08/2025 a 31/08/2025,Transferência Recebida | Marcia Novais de Melo Barros - •••.515.229-•• - NU | PAGAMENTOS - IP (0260) Agência: 1 Conta: | 368339173-1,40000.0,entrada,conta_conjuge,08.pdf,
2025-08-04,01/08/2025 a 31/08/2025,Transferência recebida pelo Pix | WERSAN COMERCIO DE COMBUSTIVEIS LTDA - | 17.625.257/0001-31 - BCO SANTANDER (BRASIL) S. | A. (0033) Agência: 4278 Conta: 13001807-7,20000.0,entrada,terceiros,08.pdf,
2025-08-04,01/08/2025 a 31/08/2025,Transferência enviada pelo Pix | Rofran Construtora Ltda - 51.819.924/0001-55 - | COOP SICREDI VALE LITORAL SC Agência: 2606 | Conta: 63110-5,-20000.0,saida,terceiros,08.pdf,
2025-08-04,01/08/2025 a 31/08/2025,Transferência enviada pelo Pix | Rofran Construtora Ltda - 51.819.924/0001-55 - | COOP SICREDI VALE LITORAL SC Agência: 2606 | Conta: 63110-5,-30000.0,saida,terceiros,08.pdf,
2025-08-05,01/08/2025 a 31/08/2025,Transferência Recebida | Rodrigo de Oliveira Machado - •••.248.649-•• - NU | 89083502-4 | PAGAMENTOS - IP (0260) Agência: 1 Conta: | 79449194-5,34000.0,entrada,terceiros,08.pdf,
2025-08-05,01/08/2025 a 31/08/2025,Transferência recebida pelo Pix | RODRIGO DE OLIVEIRA MACHADO - •••.248.649-•• - | BCO BRADESCO S.A. (0237) Agência: 382 Conta: | 1003890-1,10000.0,entrada,terceiros,08.pdf,
2025-08-05,01/08/2025 a 31/08/2025,Transferência recebida pelo Pix | ANDRE WERNER - •••.744.728-•• - ITAÚ UNIBANCO S. | A. (0341) Agência: 7012 Conta: 2282-3,45000.0,entrada,terceiros,08.pdf,
2025-08-05,01/08/2025 a 31/08/2025,Transferência enviada pelo Pix | DIEGO NOVAIS DE MELO FONSECA - •••.183.549-•• | - COOP SICREDI VALE DO PIQUIRI Agência: 726 | Conta: 46120-6,-230.0,saida,terceiros,08.pdf,
2025-08-05,01/08/2025 a 31/08/2025,Transferência enviada pelo Pix | ROFRAN CONSTRUTORA LTDA - 51.819.924/0001- | 55 - COOP SICREDI VALE LITORAL SC Agência: | 2606 Conta: 63110-5,-30000.0,saida,terceiros,08.pdf,
2025-08-05,01/08/2025 a 31/08/2025,Transferência enviada pelo Pix | ROFRAN CONSTRUTORA LTDA - 51.819.924/0001- | 55 - COOP SICREDI VALE LITORAL SC Agência: | 2606 Conta: 63110-5,-20000.0,saida,terceiros,08.pdf,
2025-08-06,01/08/2025 a 31/08/2025,Transferência enviada pelo Pix | ROFRAN CONSTRUTORA LTDA - 51.819.924/0001- | 55 - COOP SICREDI VALE LITORAL SC Agência: | 2606 Conta: 63110-5,-49000.0,saida,terceiros,08.pdf,
2025-08-07,01/08/2025 a 31/08/2025,Transferência enviada pelo Pix | ROFRAN CONSTRUTORA LTDA - 51.819.924/0001- | 89083502-4 | 55 - COOP SICREDI VALE LITORAL SC Agência: | 2606 Conta: 63110-5,-1000.0,saida,terceiros,08.pdf,
2025-08-12,01/08/2025 a 31/08/2025,Transferência enviada pelo Pix | PEDRO DONIZETE NERY - •••.731.896-•• - BCO | BRADESCO S.A. (0237) Agência: 1792 Conta: | 1000321-0,-6255.0,saida,terceiros,08.pdf,
2025-08-13,01/08/2025 a 31/08/2025,Transferência enviada pelo Pix | DIEGO NOVAIS DE MELO FONSECA - •••.183.549-•• | - COOP SICREDI VALE DO PIQUIRI Agência: 726 | Conta: 46120-6,-3000.0,saida,terceiros,08.pdf,
2025-08-14,01/08/2025 a 31/08/2025,Aplicação RDB,-4997.0,saida,RDB,08.pdf,
2025-08-17,01/08/2025 a 31/08/2025,Transferência enviada pelo Pix | Sandro de Araujo Marra - •••.482.608-•• - WISE | BRASIL IP LTDA. Agência: 1 Conta: 114032-0,-1500.0,saida,terceiros,08.pdf,
2025-08-31,01/08/2025 a 31/08/2025,Transferência enviada pelo Pix | OMNI NEGOCIOS DIGITAIS - 31.311.204/0001-77 - | BANCO INTER (0077) Agência: 1 Conta: 28521262-1 | 89083502-4,-375.0,saida,terceiros,08.pdf,
2025-09-04,01/09/2025 a 30/09/2025,Transferência enviada pelo Pix | CELSO GAMBORGI BRANCO - •••.033.529-•• - | COOP SICREDI VALE DO PIQUIRI Agência: 726 | Conta: 68715-1,-110.0,saida,terceiros,09.pdf,
2025-09-11,01/09/2025 a 30/09/2025,Transferência recebida pelo Pix | BANCO DAYCOVAL - 62.232.889/0001-90 - BCO | DAYCOVAL S.A (0707) Agência: 1 Conta: 1306-6,10408.0,entrada,intermediario_remessa,09.pdf,
2025-09-11,01/09/2025 a 30/09/2025,Transferência recebida pelo Pix | TAPTAP - 55.177.686/0001-82 - BCO BS2 S.A. | (0218) Agência: 1 Conta: 1163660-2,10700.0,entrada,intermediario_remessa,09.pdf,
2025-09-11,01/09/2025 a 30/09/2025,Transferência recebida pelo Pix | Felipe De Melo Rodrigues - •••.464.288-•• - NEON | PAGAMENTOS S.A. IP (0536) Agência: 655 Conta: | 23278478-7 | 89083502-4,5210.0,entrada,terceiros,09.pdf,
2025-09-11,01/09/2025 a 30/09/2025,Resgate RDB,2000.0,entrada,RDB,09.pdf,
2025-09-11,01/09/2025 a 30/09/2025,Transferência enviada pelo Pix | CELSO GAMBORGI BRANCO - •••.033.529-•• - | COOP SICREDI VALE DO PIQUIRI Agência: 726 | Conta: 68715-1,-31.92,saida,terceiros,09.pdf,
2025-09-12,01/09/2025 a 30/09/2025,Transferência recebida pelo Pix | BANCO DAYCOVAL - 62.232.889/0001-90 - BCO | DAYCOVAL S.A (0707) Agência: 1 Conta: 1306-6,10344.0,entrada,intermediario_remessa,09.pdf,
2025-09-13,01/09/2025 a 30/09/2025,Transferência recebida pelo Pix | BANCO DAYCOVAL - 62.232.889/0001-90 - BCO | DAYCOVAL S.A (0707) Agência: 1 Conta: 1306-6,10343.0,entrada,intermediario_remessa,09.pdf,
2025-09-17,01/09/2025 a 30/09/2025,Transferência recebida pelo Pix | LEONARDO CARVALHO BARROS - •••.421.456-•• - | BCO DO BRASIL S.A. (0001) Agência: 25 Conta: | 510042852-6,500.0,entrada,terceiros,09.pdf,
2025-09-20,01/09/2025 a 30/09/2025,Resgate RDB,3058.03,entrada,RDB,09.pdf,
2025-09-20,01/09/2025 a 30/09/2025,Transferência recebida pelo Pix | BANCO DAYCOVAL - 62.232.889/0001-90 - BCO | DAYCOVAL S.A (0707) Agência: 1 Conta: 1306-6,10304.4,entrada,intermediario_remessa,09.pdf,
2025-09-20,01/09/2025 a 30/09/2025,Transferência recebida pelo Pix | Felipe De Melo Rodrigues - •••.464.288-•• - NEON | 89083502-4 | PAGAMENTOS S.A. IP (0536) Agência: 655 Conta: | 23278478-7,1500.0,entrada,terceiros,09.pdf,
2025-09-22,01/09/2025 a 30/09/2025,Transferência recebida pelo Pix | REMITLY CORRETORA DE CAMBIO LTDA - | 17.635.177/0001-67 - Banco J. P. Morgan S. A. | (0376) Agência: 1 Conta: 105520-9,2584.6,entrada,intermediario_remessa,09.pdf,
2025-10-15,01/10/2025 a 31/10/2025,Transferência recebida pelo Pix | DIEGO BRITO CORREIA - •••.361.873-•• - ITAÚ | UNIBANCO S.A. (0341) Agência: 1137 Conta: | 83020-2,5000.0,entrada,terceiros,10.pdf,
2025-10-16,01/10/2025 a 31/10/2025,Transferência recebida pelo Pix | REMITLY CORRETORA DE CAMBIO LTDA - | 17.635.177/0001-67 - Banco J. P. Morgan S. A. | (0376) Agência: 1 Conta: 105520-9,5256.4,entrada,intermediario_remessa,10.pdf,
2025-10-16,01/10/2025 a 31/10/2025,Transferência recebida pelo Pix | BANCO DAYCOVAL - 62.232.889/0001-90 - BCO | DAYCOVAL S.A (0707) Agência: 1 Conta: 1306-6,10512.8,entrada,intermediario_remessa,10.pdf,
2025-10-16,01/10/2025 a 31/10/2025,Transferência recebida pelo Pix | REMITLY CORRETORA DE CAMBIO LTDA - | 17.635.177/0001-67 - Banco J. P. Morgan S. A. | (0376) Agência: 1 Conta: 105520-9,5256.4,entrada,intermediario_remessa,10.pdf,
2025-10-16,01/10/2025 a 31/10/2025,Transferência recebida pelo Pix | REMITLY CORRETORA DE CAMBIO LTDA - | 17.635.177/0001-67 - Banco J. P. Morgan S. A. | (0376) Agência: 1 Conta: 105520-9,5256.4,entrada,intermediario_remessa,10.pdf,
2025-10-20,01/10/2025 a 31/10/2025,Transferência recebida pelo Pix | REMITLY CORRETORA DE CAMBIO LTDA - 17.635.177 | /0001-67 - Banco J. P. Morgan S. A. (0376) Agência: | 1 Conta: 105520-9,5200.3,entrada,intermediario_remessa,10.pdf,
2025-10-20,01/10/2025 a 31/10/2025,Transferência enviada pelo Pix | Valter Baldoino Ribeiro - •••.126.749-•• - MERCADO | PAGO IP LTDA. (0323) Agência: 1 Conta: | 2962891382-2,-600.0,saida,terceiros,10.pdf,
2025-10-20,01/10/2025 a 31/10/2025,Transferência enviada pelo Pix | CONGREGACAO CRISTA NO BRASIL - 76.303.700 | /0001-17 - CAIXA ECONOMICA FEDERAL (0104) | Agência: 956 Conta: 1292000000577566683-2,-800.7,saida,terceiros,10.pdf,
2025-10-22,01/10/2025 a 31/10/2025,Transferência recebida pelo Pix | VALDENI NOVAIS DE MELO - •••.252.208-•• - ITAÚ | UNIBANCO S.A. (0341) Agência: 844 Conta: 7281-9,480.0,entrada,terceiros,10.pdf,
2025-10-27,01/10/2025 a 31/10/2025,Aplicação RDB | 89083502-4,-1000.0,saida,RDB,10.pdf,
2025-11-10,01/11/2025 a 30/11/2025,Transferência recebida pelo Pix | Suely Andreia Leandro Do Nascimento - •••. | 689.968-•• - COOP SICREDI DEXIS Agência: 718 | Conta: 65385-2,25000.0,entrada,terceiros,11.pdf,
2025-11-10,01/11/2025 a 30/11/2025,Aplicação RDB,-25000.0,saida,RDB,11.pdf,
2025-11-11,01/11/2025 a 30/11/2025,Transferência recebida pelo Pix | Suely Andreia Leandro Do Nascimento - •••. | 689.968-•• - COOP SICREDI DEXIS Agência: 718 | Conta: 65385-2,15000.0,entrada,terceiros,11.pdf,
2025-11-11,01/11/2025 a 30/11/2025,Transferência enviada pelo Pix | KATIA PRISCILA DA ROSA DE SOUZA | (Transferência enviada),-1000.0,saida,terceiros,11.pdf,
2025-11-11,01/11/2025 a 30/11/2025,Aplicação RDB,-14000.0,saida,RDB,11.pdf,
2025-11-20,01/11/2025 a 30/11/2025,Transferência recebida pelo Pix | REMITLY CORRETORA DE CAMBIO LTDA - | 89083502-4 | 17.635.177/0001-67 - Banco J. P. Morgan S. A. | (0376) Agência: 1 Conta: 105520-9,1600.0,entrada,intermediario_remessa,11.pdf,
2025-11-22,01/11/2025 a 30/11/2025,Resgate RDB,700.0,entrada,RDB,11.pdf,
2025-12-16,01/12/2025 a 31/12/2025,Transferência recebida pelo Pix | Sandro de Araujo Marra - •••.482.608-•• - WISE | BRASIL IP LTDA. Agência: 1 Conta: 114032-0,1500.0,entrada,terceiros,12.pdf,
2025-12-17,01/12/2025 a 31/12/2025,Transferência enviada pelo Pix | JOAO FELIPE AGUIAR CUNHA (Transferência | enviada),-10.0,saida,terceiros,12.pdf,
2025-12-20,01/12/2025 a 31/12/2025,Transferência recebida pelo Pix | REMITLY CORRETORA DE CAMBIO LTDA - | 17.635.177/0001-67 - Banco J. P. Morgan S. A. | (0376) Agência: 1 Conta: 105520-9,1600.0,entrada,intermediario_remessa,12.pdf,
2026-01-19,01/01/2026 a 31/01/2026,Transferência recebida pelo Pix | BANCO DAYCOVAL - 62.232.889/0001-90 - BCO | DAYCOVAL S.A (0707) Agência: 1 Conta: 1306-6,1600.01,entrada,intermediario_remessa,NU_890835024_01JAN2026_31JAN2026.pdf,
2026-02-20,01/02/2026 a 28/02/2026,Transferência recebida pelo Pix | REMITLY CORRETORA DE CAMBIO LTDA - | 17.635.177/0001-67 - Banco J. P. Morgan S. A. | (0376) Agência: 1 Conta: 105520-9,3200.03,entrada,intermediario_remessa,NU_890835024_01FEV2026_28FEV2026.pdf,
2026-04-10,01/04/2026 a 30/04/2026,Aplicação RDB,-217900.0,saida,RDB,NU_890835024_01ABR2026_30ABR2026.pdf,
2026-04-13,01/04/2026 a 30/04/2026,Transferência recebida pelo Pix | LEONARDO CARVALHO BARROS - •••.421.456-•• - | BCO DO BRASIL S.A. (0001) Agência: 25 Conta: | 510042852-6 | 89083502-4,8000.0,entrada,terceiros,NU_890835024_01ABR2026_30ABR2026.pdf,
2026-04-14,01/04/2026 a 30/04/2026,Aplicação RDB,-9000.0,saida,RDB,NU_890835024_01ABR2026_30ABR2026.pdf,
2026-04-18,01/04/2026 a 30/04/2026,Transferência recebida pelo Pix | REMITLY CORRETORA DE CAMBIO LTDA - | 17.635.177/0001-67 - Banco J. P. Morgan S. A. | (0376) Agência: 1 Conta: 105520-9,1600.02,entrada,intermediario_remessa,NU_890835024_01ABR2026_30ABR2026.pdf,
2026-04-21,01/04/2026 a 30/04/2026,Aplicação RDB,-2300.0,saida,RDB,NU_890835024_01ABR2026_30ABR2026.pdf,
2026-04-22,01/04/2026 a 30/04/2026,Resgate RDB,1600.0,entrada,RDB,NU_890835024_01ABR2026_30ABR2026.pdf,
2026-04-22,01/04/2026 a 30/04/2026,Transferência enviada pelo Pix | RENALDO FARIAS CHAGAS - •••.292.369-•• - COOP | SICREDI NOSSA TERRA PR/SP Agência: 731 Conta: | 27294-8,-1610.34,saida,terceiros,NU_890835024_01ABR2026_30ABR2026.pdf,
2026-04-24,01/04/2026 a 30/04/2026,Resgate RDB,400.0,entrada,RDB,NU_890835024_01ABR2026_30ABR2026.pdf,
2026-04-24,01/04/2026 a 30/04/2026,Transferência enviada pelo Pix | Elizeu Goncalves Pereira (Transferência enviada),-400.0,saida,terceiros,NU_890835024_01ABR2026_30ABR2026.pdf,
